customer_id,name,email,phone,address,dob,created_at
b5ebf9ed-514b-4095-9726-4fafd1780134,Allison Hill,donaldgarcia@example.net,+1-219-560-0133,"79402 Peterson Drives Apt. 511, Davisstad, PA 35172",1994-02-23,2023-11-04T19:25:06.294495
adcd86cd-ab35-4256-a314-5f9b529553d0,Valerie Gray,maria95@example.net,610.934.1316,"55341 Amanda Gardens Apt. 764, Lake Mark, WI 07832",1954-11-02,2020-03-02T18:03:18.520319
c24dd84b-23a8-4477-b229-57b160efac3a,Derek Clark,jason76@example.net,724.523.8849x696,"Unit 2871 Box 0122, DPO AP 55834",1979-10-27,2022-01-10T04:32:58.415327
b9495028-3a10-488f-acfc-751f6e5b8e31,Julie King,frazierdanny@example.net,001-645-514-6270x48281,"809 Burns Creek, Natashaport, IA 08093",1955-08-23,2022-12-27T10:38:17.742357
40ad0df5-5e9a-421a-91bc-0ce86653f471,Nicholas Cabrera,davidalvarez@example.net,(848)796-3834,"33150 Brianna Avenue Apt. 031, Port Markhaven, IA 37001",1984-10-02,2021-02-16T03:13:33.084312
64080888-d8cb-434d-a71c-cf0c4474d19b,Timothy Duncan,esanchez@example.com,311.265.6670,"33387 Robert Harbors Suite 317, North Deniseside, MP 02435",2005-02-25,2024-11-17T01:59:06.293915
4768aada-4487-49a1-b2cb-06f9adca87f6,Carol Tucker,michellebarrera@example.org,(206)247-4687x2343,"97882 Susan Common, North Brooke, TX 31329",1966-09-20,2024-12-16T09:06:30.411098
4859f554-4911-4405-8c11-d50532970e57,Lauren Williams,barnesbrandy@example.net,343-353-4624x75107,"51354 Samuel Plains Suite 980, Sarahville, FM 18102",1957-03-31,2024-09-07T13:40:19.689441
25c0d2d7-a5ad-4143-a1a0-9029d650359e,Brittney Campbell,jenniferharris@example.net,687-440-1640x052,"011 Amy Village Suite 982, Andersonport, MN 05730",2000-05-22,2021-02-08T03:08:52.567939
b9942d5d-f574-41ac-a13a-e1459547a11c,Brian Deleon,vdickson@example.org,622.460.2563,"0733 Bailey View, East Andrew, ID 52728",1961-08-02,2024-07-20T18:49:19.737560
ae9b0132-e40a-46b9-8f2f-b98eb6cccef6,Diana May,ifrazier@example.com,8147294019,"9816 Jonathan Station Suite 088, West Ryan, TN 43780",1981-08-21,2023-06-30T04:19:43.362071
baaf1c1e-ca5a-4b35-9ef2-a69063b1b90e,Steven Hunter,snguyen@example.com,+1-823-266-2994,"9957 Ramos Forest, Leonburgh, TN 11615",1958-07-24,2023-07-01T01:51:37.310933
642d8e7d-169d-4b69-9024-a30a353ef097,Anna Crane,emilywalker@example.org,(500)837-9176,"01632 Williams Gateway, South Dennismouth, TN 70117",2006-06-10,2023-02-19T11:47:24.847079
c4a42638-9956-4c3c-8ea0-92a2b2682b3e,Stephanie Salazar,jrivas@example.com,(677)943-4873,"45581 Edward Lights Apt. 316, Riveramouth, MT 08662",1953-04-30,2022-03-19T05:51:16.345042
9c3e74f4-bfec-4af0-bdcf-be2f5b27163f,Lauren Dominguez,wwoods@example.com,001-766-888-9373x46706,"98069 Christopher Meadow Apt. 720, Nicholasborough, NH 43341",1962-03-19,2024-08-19T04:37:07.402928
e88d7679-e849-49b7-8d64-b1f14edc5042,Trevor Fisher,ruizkaitlyn@example.org,(931)300-3309x232,"4529 Kimberly Estates, Danieltown, ME 75971",1985-04-28,2025-01-17T06:26:54.311633
9148d144-2741-405f-93d7-20cb4421d6e9,Miguel Jones,curtisbarton@example.net,+1-819-905-8651x850,"726 Jessica Run Suite 987, Grahamshire, KY 42746",1997-03-06,2024-05-17T02:30:42.106516
08a53357-845d-4762-8985-8648bfe38e9c,Stephen Sanchez,qhudson@example.com,207-552-7354x54948,"8377 Mcguire Course Suite 363, Elizabethstad, NJ 73045",1975-05-14,2022-03-29T13:20:13.801251
34004091-c776-43cc-8e80-9913abdcd81c,Erin Warner,kristopher31@example.net,651.382.3374,"52408 Joshua Center Suite 271, New Justinfort, NV 45158",1951-10-20,2020-04-08T20:02:31.341366
7fda802e-ef53-403f-8ec8-d4ec9be4a423,Karen Short,kvasquez@example.net,+1-502-829-4131x86999,"9649 Chelsea Streets Apt. 334, East Johnside, CA 21018",1939-06-12,2022-05-16T15:34:19.060968
93f930ea-a5e3-499c-a03c-9e8ca5c467cd,Doris Hall,jacqueline71@example.net,649.436.1832,"9947 Taylor Hollow, Benderhaven, ND 65223",1969-01-11,2023-02-24T11:06:29.959246
6896a087-55e4-4671-9a0c-84b33ab58728,Morgan Munoz,davissuzanne@example.net,001-604-490-2787,"Unit 6717 Box 5655, DPO AP 14211",1997-08-03,2021-09-26T10:54:01.389598
9355fd8f-50be-447a-9b4a-1e91fdc2f6ff,Donna Landry,gibsonleonard@example.com,768-908-7603,"48247 Martinez Roads, Lake Eric, OH 02293",1976-10-25,2020-06-28T07:25:50.652669
8d809155-d730-4813-81fe-6a244fbb68c5,Susan Murray MD,tyronemoran@example.net,001-446-377-3782x639,"8404 Monroe Prairie Suite 278, Reedside, WV 71729",1964-11-29,2024-11-29T13:24:26.901277
65657889-2e74-4646-ab1f-d8f0d7bdca30,Veronica Allen,xhall@example.com,7573662702,"87026 Charles Tunnel Suite 596, Port Markside, MS 42006",1981-11-19,2024-09-03T04:40:52.941422
2cec18b6-8cb9-43c8-9901-1a37cc7f137c,Joshua Williamson II,wendy16@example.org,001-517-824-0050x45562,"21969 Tyler Prairie, East Steven, KS 60737",1956-08-16,2020-01-19T01:52:32.053355
5d0103e6-afae-4765-ad31-f31471682257,Stephanie Byrd,charleslandry@example.net,664-674-3671x3695,"0909 Wall Heights Apt. 953, New John, WV 94994",1991-06-14,2023-08-02T18:48:05.376339
c808f7fa-8426-4f12-a45d-b41bf725cea6,Brent Burton,parkerscott@example.net,(621)445-6232x858,"5171 Karen Fork Suite 851, Smithside, DE 60110",1964-04-29,2023-12-11T21:33:34.850983
acac9125-36ce-4d1d-84ee-b06038fabb3e,James Little,daniel37@example.org,+1-285-693-1746x120,"Unit 1138 Box 2675, DPO AP 97905",1986-08-16,2022-11-05T04:28:00.427079
eb2e90a8-e707-4e0b-989c-20749fea01af,Molly Mcclure,basschristina@example.com,7532773515,"71390 Kristin Gardens, Port Anne, CA 73142",1953-05-08,2021-02-19T10:23:08.440668
5b1954c3-f6c6-467d-acce-5ca974b84958,Erin Hernandez,ramireztracey@example.org,+1-742-210-2053,"68117 Strickland Passage, South Williamton, VA 86864",1974-09-21,2022-05-31T03:38:09.902350
e7772385-1535-45fe-858e-96241a7cde05,Amy Mendoza,gsimmons@example.com,001-771-815-9212x499,"Unit 8478 Box 9611, DPO AP 85817",1998-12-12,2022-11-26T14:55:19.967004
33c1bcb5-5f87-49fc-bba4-76deed9bac52,Jessica Beasley,dmorgan@example.com,(315)765-4527x11116,"885 Robert Well, Parrishton, LA 79197",1960-07-05,2020-07-18T07:11:44.867033
48c5d8a7-2cbf-4683-9145-5a38b802d82f,Brittney Olson,bellangela@example.org,001-649-636-8998x09402,"PSC 5022, Box 9612, APO AP 83492",2005-05-06,2020-06-25T12:24:53.040294
93cef5f7-346c-4f15-92ed-34933b25ee96,Jamie Chavez,mitchellgriffith@example.net,+1-910-822-9014x767,"6149 Rose Inlet, East Randallton, AL 27295",1959-10-05,2021-02-10T08:35:11.428983
357bdce4-c52f-4ccf-b048-3785290766ca,David Murphy,jimenezryan@example.org,(783)888-5160x6071,"1605 Laurie River Suite 516, East Ryanfurt, NC 10809",1966-03-05,2021-08-19T21:14:59.057982
0b9be7c4-ab16-4e13-92a2-0d3b7b8e62b7,Gary Jackson,schmidtjames@example.com,(923)912-4329x212,"995 Hernandez Cliff Suite 744, West Williamport, NH 59734",1941-10-27,2021-12-10T08:27:51.473392
1661a888-d7a1-4de9-8c1f-ede5ebaf4f38,Matthew Madden,gilbertwilliam@example.com,001-480-279-3597,"182 John Mill Suite 889, West Nathan, LA 51280",1967-01-22,2021-10-12T22:16:22.472733
79a8dd7d-3e35-4677-a34f-535274fc285d,Rachel Holland,riveraangela@example.com,349-625-1925x4629,"81685 Michael Falls Apt. 573, East Eric, LA 13757",1973-10-14,2022-11-04T08:59:43.294667
bca9bbf3-1f21-4406-866b-0f8084e342ed,Kelsey Stanley,carlamoore@example.org,001-592-570-6537x947,"59774 Shaw Manor Apt. 392, Brettfort, VI 49156",1976-12-21,2020-07-16T08:31:33.583871
e2ad87f3-883b-4289-b2e9-6525092c0236,Sarah Mitchell,joshuawhitehead@example.org,(713)575-0606x85361,"522 Justin Village, Hortonberg, WV 92977",1971-03-01,2023-03-29T18:22:39.342381
84223ac2-f9fd-401d-a046-c1af51555ecb,Alicia Lewis,anaacosta@example.net,(214)534-1036x97117,"0953 Lopez Skyway Apt. 851, South Morganton, SC 51210",2005-12-22,2021-05-02T22:55:44.073302
34afc795-c09a-4c1d-a1cd-a7e62777c957,Richard Cooper,ingramjill@example.com,(405)385-2772,"43030 Mahoney Passage Suite 874, Port Deborahport, MI 06766",1998-02-19,2021-09-30T12:49:37.711602
0e3a206b-730a-45cc-84b8-be52c83ac53e,Jacob Preston,ykline@example.com,(877)458-4161,"15447 Jackson Mills Suite 705, Hillton, CA 88474",1982-08-12,2021-11-29T21:55:35.217088
7b96b40d-4b2f-4e65-b0be-52374816c6bc,Meghan Cisneros,melindagregory@example.com,4219355690,"USNV Wallace, FPO AE 75726",1948-08-16,2021-12-06T21:55:45.082276
27d54fcc-ccb8-446a-a79a-12cc92cfbf39,Donald Horne,fitzgeraldvictor@example.com,+1-514-347-3947,"2715 Mckinney Plaza, Patriciaburgh, VT 93504",2002-04-27,2023-05-11T18:20:58.093677
c9d431b5-611d-4a42-9486-2c7fe435569f,Katie Martinez,laurayoung@example.com,3583957829,"669 David Island Apt. 778, Davidside, SC 77543",1951-08-21,2025-02-01T20:02:32.635969
53b7127b-0aa6-45d8-9252-36d0991b9681,Thomas Brown,holmeskevin@example.org,335-484-1438x42498,"99590 Christopher Row, Debrashire, MT 81517",1982-09-18,2022-08-16T02:12:49.437358
f714c90d-15b6-4008-9358-ccaa86962237,Donna Frye,zsanchez@example.net,(447)710-2767x7359,"562 Robertson Coves Suite 371, Shannonberg, CT 07133",1958-12-30,2022-01-09T00:02:27.041564
f3708da0-7bd8-4f49-8990-b33f11f9046a,Danielle Grimes,lisapeck@example.net,532-578-7747x01687,"47974 Melanie Meadows, West Jessica, WV 53356",1964-02-23,2022-02-09T14:41:23.136540
d131b17c-306d-48df-a0fe-536006d59611,Chloe Tran,hughesshannon@example.net,599-812-1655x852,"25787 Catherine Passage, West Sarah, MD 21800",1965-12-25,2023-03-31T23:34:32.151399
77143701-0e7b-45ad-8050-8964266620e8,Linda Romero,terickson@example.com,9556169409,"Unit 9930 Box 9728, DPO AP 95027",1981-05-28,2024-06-06T04:20:32.816722
4187f3a5-a619-46fa-8ecc-05e441c9d236,Michael Johnson,leescott@example.com,(563)768-9702,"Unit 7865 Box 2785, DPO AP 46938",1985-03-22,2024-07-27T03:14:57.387434
6df769d7-914d-4db8-b68f-ed08f810f29b,Regina Baker,plee@example.com,+1-743-644-3757,"5240 Moses Common Suite 747, East Maria, KY 74165",1986-08-08,2020-09-21T01:50:10.434855
412f6d33-0494-4658-b245-d16dddf6f3ed,Laurie Sanchez,danawilliams@example.com,271-320-8267x73454,"026 Sarah Camp, Frenchburgh, WA 38442",1998-11-18,2020-01-18T19:51:40.975410
a6eb96ab-3fd5-4b10-9147-a6afa9c81d52,Ashley Bird,shawn88@example.com,(687)443-1527,"9329 Wilcox Passage Suite 161, East Thomas, IA 01396",1956-12-30,2021-03-29T01:55:12.018886
994d796d-9502-451f-b719-b0e995905e45,Tiffany Turner,greenmichael@example.org,6177426841,"72795 Miles Mountains, Port John, WV 78595",1998-08-21,2020-06-06T11:55:06.948315
b7ba31c0-522e-4824-bd10-a397cae3cbb3,Michael Miller,brownamy@example.net,598.922.5871,"72867 Angelica Spring Suite 064, Lake Jefferyland, AZ 56035",1962-09-10,2020-05-02T15:46:08.721143
406e8277-93ef-4fc7-97a0-8ec1ee8caae6,Taylor Jones DVM,mitchellhector@example.org,001-865-467-6618x25128,"04786 Morrow Gateway, Reedview, ID 95531",1991-04-26,2020-03-02T23:27:36.954148
b309ea26-0ce4-4bcf-9a57-8807d3fbefee,Lisa Mayer,allencarlos@example.net,5792030673,"95995 Kevin Divide Apt. 644, New Stacyburgh, SC 89466",1968-04-24,2022-08-11T10:36:33.272612
c3d9bb13-26d9-4516-9ac2-ae35ce0fdfa7,Teresa Powers,heather62@example.com,(428)873-3427x0866,"1751 Brett Lane, Port Charlesshire, VA 88509",1977-04-07,2022-07-11T05:26:04.657066
21a1fdc2-25e3-40ce-b97c-fcc6fa29c46b,Felicia Krueger,lewisjames@example.net,673-893-6385,"4587 Garcia Stravenue Suite 535, Robertshire, VI 29503",1989-09-01,2020-02-01T04:51:58.325747
ea2c4e15-2448-4fc9-aa72-351409566dd7,Lauren Cortez,elijah53@example.com,001-437-785-4777,"80801 Kathy Loop Apt. 312, East Williamstad, AR 81481",1982-08-18,2024-12-01T13:57:11.518767
112c022c-a5ac-4b4f-b3cf-b478ee2e8e4d,Mary Smith,hsmith@example.net,584-608-6211x823,"1567 Veronica Fork Suite 101, Grayside, NJ 07856",1982-07-24,2023-09-14T02:04:24.189760
88cfff58-dc16-4009-8ac1-8e1db2378d4d,Ryan Newman,ariel18@example.org,239.474.0148,"USNV Smith, FPO AE 77444",1949-01-25,2024-04-27T18:57:22.287574
c6a468f7-42ca-41a7-9748-3b95522ad793,Tanya Evans,ashleyatkinson@example.net,+1-856-521-8501,"996 Johnson Groves Suite 735, Reynoldsshire, TN 50317",1945-02-02,2023-04-05T01:14:34.367902
c49db3fd-63d4-4157-aee2-d4e6d565cbfb,Michelle Miller,normanbowers@example.org,001-365-451-1047x5412,"01581 Shields Bridge Suite 661, New Adriana, TX 50404",1950-10-15,2021-06-01T07:52:43.186477
a2228d7b-1068-4697-b0d5-9b50f3aca6d0,Charles Jackson,robert71@example.com,737-899-3712x406,"5692 Flores Square Apt. 752, Novakport, WA 91590",1982-04-20,2025-02-04T17:13:34.384902
37013ed6-14fd-4429-8e12-31ad5fc2d3f2,Erika Ramirez,kdiaz@example.org,001-382-880-7374,"434 Jennifer Turnpike, Jonesfort, OR 53035",1975-08-08,2024-11-11T13:25:17.802665
cb63f98e-f5bb-45b8-ad48-8a3e312bf0ac,Jennifer Johnson,jacqueline89@example.net,713-852-9096,"3888 Sean Lock, Bartonshire, UT 66098",1949-07-07,2025-04-03T07:31:37.775911
14621cd0-8bd4-4f4a-8363-36715abd27dc,Mr. Thomas Miller,michaelcooper@example.org,375.471.7751x40105,"USNS Black, FPO AP 21490",1961-10-08,2022-03-31T05:18:00.801164
88fc18b2-be84-4f51-9836-45adbe9eda20,Robert Soto,daniellereynolds@example.org,001-393-479-6603x3419,"1478 Harper Ridge, Matthewsstad, MI 60513",1981-03-30,2024-04-14T09:57:45.708246
572bbbd5-fd97-4c5e-88ae-b9bfa899a8ce,Elizabeth Mendez,powerslawrence@example.org,412-952-8669x2966,"274 Jacob Ville, Harveystad, AL 64019",1948-07-19,2024-04-17T06:11:12.745311
44826ff3-4f49-4558-a8a7-a02fd2a86e7b,Kathy Simpson,cperry@example.com,(619)403-4043,"819 Joseph Plains Suite 807, South Curtis, MP 86179",1990-05-10,2021-07-26T17:05:59.591479
46469845-57a6-4687-8852-490db884b284,Mrs. Hannah Montoya MD,rowejoel@example.net,001-259-762-9233,"4494 Derek Terrace, Sellersview, VI 86470",1947-11-22,2024-07-24T02:30:14.671163
cb5acdf2-ce8f-4241-b449-9f5539ce8c9c,Michael Poole,kburns@example.net,766-271-1684x577,"751 Robinson Meadow, South Joseph, MP 37672",1962-03-25,2023-01-16T18:57:36.074668
7873b744-9e9d-4052-8c09-484d1e5d98ce,Karina Cooper,williamsconnie@example.com,6124770632,"54152 Randy Inlet Apt. 611, East Thomasberg, OR 30148",1974-08-02,2022-05-06T04:33:21.029758
ae291c15-1ac1-4d62-9e60-d4d2cb2eb74d,Greg Martinez,ebenson@example.org,861.411.5542,"89092 Bell Forest, South Christina, NV 28975",1945-02-27,2020-07-12T06:25:59.490953
44d63edc-71e5-45fd-b1b6-fcc0d20be92d,Leah Cruz,iedwards@example.org,513-889-9940x438,"76137 Allison Bridge, Sarahberg, MS 74999",1967-11-18,2022-11-17T01:02:36.541669
33bd67cb-2ea4-448a-8d91-361041525f31,John Archer,smithcarlos@example.com,800.368.4866,"1418 Terri Drives, Peterland, ME 92077",1969-01-04,2025-01-08T03:22:48.373378
8a331edf-fa94-40e9-a5d7-6626bcc8d9a6,David Middleton,chavezchelsea@example.com,+1-421-602-0275x88425,"56481 Joseph Ports, South Spencerstad, AR 65985",1997-09-12,2020-11-17T00:50:44.553516
11ca7ba0-973e-4c20-845f-8bcaa6bcd7cd,Raymond Shannon,perezwilliam@example.org,8305756220,"541 Wilson Spring Apt. 238, South Caseymouth, VI 37503",1991-11-12,2021-08-20T16:47:21.383543
31f5f5a1-7946-42ac-bdda-6c42f331d9ff,Jesus Wood,anne49@example.org,759.273.8320x603,"USS Blake, FPO AA 97242",1988-09-17,2020-07-18T23:17:01.495454
5dfcd494-c5be-41c6-a3f4-2ca0b7e95065,Cynthia Vasquez,kaufmandouglas@example.com,303-486-5719,"99062 Kelly Vista Suite 655, Nelsonland, ID 18341",1992-04-19,2023-01-29T19:43:51.941555
3507b404-742a-464d-b678-d18a7f7b8d01,Christopher Owens,wmartinez@example.org,447.341.1249x035,"8044 Anthony Lodge Suite 883, South Curtisberg, DE 02068",1943-06-16,2024-02-11T08:36:13.642645
8cfe0ab8-b1fd-4032-a1f6-99d40bbecfa0,Craig Morales,aguilarjonathan@example.org,9132721510,"670 Vega Extensions Suite 324, Seanberg, AZ 80993",1981-05-14,2021-04-17T19:46:58.178500
f4e5fc02-877e-4349-85b7-dcf68ac90835,Jason Pierce,millerpatrick@example.com,983.780.6578,"PSC 8564, Box 2059, APO AE 04341",2000-03-05,2024-02-06T16:47:39.586357
134aa720-e365-445d-8166-4e588145a464,William Moreno,terrigarcia@example.net,448.503.9652,"059 Anna Field Suite 842, Johnsonton, IN 79362",1954-02-21,2022-10-09T17:54:46.027888
263f3b42-0dab-4796-8918-71596f3efa73,Thomas Harris,matthewthompson@example.com,7028921851,"5226 Banks Extensions Suite 392, Parkerport, DC 23793",1988-10-27,2024-12-30T05:09:32.711527
fdbe37bc-5536-4dcb-a001-03e0f9e17256,Jenna Gamble,whitelucas@example.net,791.472.5135,"570 Clark Square, West Jonathanville, VA 00668",1942-07-15,2022-04-23T00:26:41.508212
49f130d2-d7dc-4bcf-94cd-e537104a3364,Christopher Gutierrez,ybell@example.org,793.427.1040x5411,"181 Wheeler Ridges, Bushchester, SD 22127",1980-07-23,2022-04-15T06:51:15.665118
c37199a9-a4f2-4104-bc17-60506d1ecd57,Gary Mccann,uterry@example.net,+1-944-443-1069,"1497 Collin Ford, Lake Kelly, CO 62572",1996-08-21,2021-08-16T04:33:01.752517
4cf99453-d9d2-4c3a-aed1-31802f3ce957,John Guerrero,maypaul@example.com,(452)370-4774x3490,"693 Mary Viaduct Suite 879, South Kent, MO 94126",1941-08-16,2023-01-03T20:59:27.616831
ff9ed0bb-1c7a-42a4-a20b-c8fec8aea99c,Laura Mcgrath,davidtodd@example.org,(433)620-6163,"68685 Stone Well, Port Isabellashire, NC 55498",1946-11-30,2020-10-14T20:55:29.100064
a8778213-9325-43c1-924a-b3bc83c7d692,Lauren Hanna,buckleyanna@example.org,885-464-6799x7024,"65307 Prince Brooks Suite 444, Garrisonville, VI 30379",1948-05-26,2025-02-17T03:18:45.925392
2a5eb33f-fc7e-418e-8229-b4b5dccdbc0b,Roger Adams,fjacobs@example.org,836.478.5082x148,"33030 Williams Lake, West Micheal, NH 66708",1966-04-03,2024-11-10T17:55:46.105189
617cb4b2-6b14-48d8-8e65-b2f9d5241ead,Dana Burns,ethompson@example.net,+1-255-424-1406,"33468 Michelle Trafficway, South Rhondaburgh, PA 01610",1954-06-24,2023-03-16T06:59:18.590165
b3e56d90-56dd-4b75-9c72-0775444dc635,Michelle Fletcher,rodney65@example.com,637-648-9691x085,"54544 Lopez Path Apt. 096, Erintown, SD 65692",2007-02-03,2021-05-14T01:36:18.023958
424a4998-ec7a-49ad-aae1-e6721fd91a92,James Johnson,matthewreeves@example.net,+1-375-984-2824,"825 Jeffrey Fork Suite 655, Brendamouth, PR 15938",1971-04-05,2024-07-24T17:01:40.298690
66a0d0c6-c8c7-46e9-9a50-d27a9ceecc24,Terry Jones,vincentdillon@example.com,346.902.2356x97252,"0074 Kathleen Extension, South Kristen, WI 12040",1948-01-24,2022-04-14T08:16:43.602252
402f757e-c6f5-41e4-b80c-89344d45d83c,Allison Hill,donaldgarcia@example.net,+1-219-560-0133,"79402 Peterson Drives Apt. 511, Davisstad, PA 35172",1994-02-23,2023-11-04T19:25:50.078402
15c767d5-cff8-453d-8072-b46d17319d7e,Valerie Gray,maria95@example.net,610.934.1316,"55341 Amanda Gardens Apt. 764, Lake Mark, WI 07832",1954-11-02,2020-03-02T18:03:20.478434
ed141b8d-964f-4e0e-ad1c-e0bd2753244d,Derek Clark,jason76@example.net,724.523.8849x696,"Unit 2871 Box 0122, DPO AP 55834",1979-10-27,2022-01-10T04:33:21.886132
66886922-b84c-4c6f-a27d-245dfbd7bdc5,Julie King,frazierdanny@example.net,001-645-514-6270x48281,"809 Burns Creek, Natashaport, IA 08093",1955-08-23,2022-12-27T10:38:52.351130
0ca06163-2344-4590-9dd6-04e23cdf0327,Nicholas Cabrera,davidalvarez@example.net,(848)796-3834,"33150 Brianna Avenue Apt. 031, Port Markhaven, IA 37001",1984-10-02,2021-02-16T03:13:46.152757
b145105b-daca-4d24-8dd9-cd4d50d91b91,Timothy Duncan,esanchez@example.com,311.265.6670,"33387 Robert Harbors Suite 317, North Deniseside, MP 02435",2005-02-25,2024-11-17T02:00:02.802301
6c183652-5cb9-4975-b505-da5ccc058184,Carol Tucker,michellebarrera@example.org,(206)247-4687x2343,"97882 Susan Common, North Brooke, TX 31329",1966-09-20,2024-12-16T09:07:27.848462
6ad8050b-4aa1-4ff7-b9c3-5d0c595605a5,Lauren Williams,barnesbrandy@example.net,343-353-4624x75107,"51354 Samuel Plains Suite 980, Sarahville, FM 18102",1957-03-31,2024-09-07T13:41:13.961916
4d609657-d1f6-4070-aa20-6a06cb6d05a2,Brittney Campbell,jenniferharris@example.net,687-440-1640x052,"011 Amy Village Suite 982, Andersonport, MN 05730",2000-05-22,2021-02-08T03:09:05.382608
5781ede9-0de6-4f27-9c6b-d360a336b3e9,Brian Deleon,vdickson@example.org,622.460.2563,"0733 Bailey View, East Andrew, ID 52728",1961-08-02,2024-07-20T18:50:12.463090
1f0c402b-e0b5-49e7-a5d1-f55b66f66206,Diana May,ifrazier@example.com,8147294019,"9816 Jonathan Station Suite 088, West Ryan, TN 43780",1981-08-21,2023-06-30T04:20:23.828707
dd8e158d-5aa7-49ed-b673-cd0a334bb621,Steven Hunter,snguyen@example.com,+1-823-266-2994,"9957 Ramos Forest, Leonburgh, TN 11615",1958-07-24,2023-07-01T01:52:17.806017
516d9f27-5abd-4742-90d3-ac6ac41349cc,Anna Crane,emilywalker@example.org,(500)837-9176,"01632 Williams Gateway, South Dennismouth, TN 70117",2006-06-10,2023-02-19T11:48:01.169670
af13bb28-7091-44b3-96a2-17f9d5596713,Stephanie Salazar,jrivas@example.com,(677)943-4873,"45581 Edward Lights Apt. 316, Riveramouth, MT 08662",1953-04-30,2022-03-19T05:51:41.973797
e4990c77-47a1-4e8d-9d65-bd1b685f0710,Lauren Dominguez,wwoods@example.com,001-766-888-9373x46706,"98069 Christopher Meadow Apt. 720, Nicholasborough, NH 43341",1962-03-19,2024-08-19T04:38:01.060967
c06f43d6-65e1-40c6-b921-ad84bb6a8875,Trevor Fisher,ruizkaitlyn@example.org,(931)300-3309x232,"4529 Kimberly Estates, Danieltown, ME 75971",1985-04-28,2025-01-17T06:27:52.760176
aac19397-ff4d-4a6f-ab46-20a6c2d3f792,Miguel Jones,curtisbarton@example.net,+1-819-905-8651x850,"726 Jessica Run Suite 987, Grahamshire, KY 42746",1997-03-06,2024-05-17T02:31:32.781108
f5ef14fa-ce31-41c2-b28f-803e1b4c974d,Stephen Sanchez,qhudson@example.com,207-552-7354x54948,"8377 Mcguire Course Suite 363, Elizabethstad, NJ 73045",1975-05-14,2022-03-29T13:20:39.756983
b480daea-e6d4-42c4-9811-0883d34996bc,Erin Warner,kristopher31@example.net,651.382.3374,"52408 Joshua Center Suite 271, New Justinfort, NV 45158",1951-10-20,2020-04-08T20:02:34.475346
fd5b96ab-5127-4e3c-9872-dfe4cc114b79,Karen Short,kvasquez@example.net,+1-502-829-4131x86999,"9649 Chelsea Streets Apt. 334, East Johnside, CA 21018",1939-06-12,2022-05-16T15:34:46.541694
1e7b75be-56cd-45e5-9325-fa815ce96c47,Doris Hall,jacqueline71@example.net,649.436.1832,"9947 Taylor Hollow, Benderhaven, ND 65223",1969-01-11,2023-02-24T11:07:06.439482
956a6d76-3551-4fcc-aab9-54b4e25b1193,Morgan Munoz,davissuzanne@example.net,001-604-490-2787,"Unit 6717 Box 5655, DPO AP 14211",1997-08-03,2021-09-26T10:54:21.507621
81e8fd25-2fb7-4ef6-94aa-8a97a642f6fa,Donna Landry,gibsonleonard@example.com,768-908-7603,"48247 Martinez Roads, Lake Eric, OH 02293",1976-10-25,2020-06-28T07:25:56.338431
662905a6-1775-4598-8508-09d2a4d0234f,Susan Murray MD,tyronemoran@example.net,001-446-377-3782x639,"8404 Monroe Prairie Suite 278, Reedside, WV 71729",1964-11-29,2024-11-29T13:25:23.805264
2d710f82-4d67-430b-a73f-a47fba90893c,Veronica Allen,xhall@example.com,7573662702,"87026 Charles Tunnel Suite 596, Port Markside, MS 42006",1981-11-19,2024-09-03T04:41:47.075181
4f72e99f-f14e-4b57-8b2c-2833d863561e,Joshua Williamson II,wendy16@example.org,001-517-824-0050x45562,"21969 Tyler Prairie, East Steven, KS 60737",1956-08-16,2020-01-19T01:52:32.626599
c21a06c7-6a7f-4d07-a1c3-5a6a455543ee,Stephanie Byrd,charleslandry@example.net,664-674-3671x3695,"0909 Wall Heights Apt. 953, New John, WV 94994",1991-06-14,2023-08-02T18:48:46.908499
988aedbf-20ef-4d52-b59a-ed027d31cbaf,Brent Burton,parkerscott@example.net,(621)445-6232x858,"5171 Karen Fork Suite 851, Smithside, DE 60110",1964-04-29,2023-12-11T21:34:20.540691
1264239c-733f-4c94-acdd-9b689f230694,James Little,daniel37@example.org,+1-285-693-1746x120,"Unit 1138 Box 2675, DPO AP 97905",1986-08-16,2022-11-05T04:28:33.378821
778d37b1-c5cc-44da-889d-1185eb157427,Molly Mcclure,basschristina@example.com,7532773515,"71390 Kristin Gardens, Port Anne, CA 73142",1953-05-08,2021-02-19T10:23:21.613701
f90f795c-3617-4eee-be5c-20cdd330dac8,Erin Hernandez,ramireztracey@example.org,+1-742-210-2053,"68117 Strickland Passage, South Williamton, VA 86864",1974-09-21,2022-05-31T03:38:37.842944
57b8af16-6703-497d-b754-71a0c0972b23,Amy Mendoza,gsimmons@example.com,001-771-815-9212x499,"Unit 8478 Box 9611, DPO AP 85817",1998-12-12,2022-11-26T14:55:53.598453
91879243-fb82-4b6c-8ffc-fb06a31cf97b,Jessica Beasley,dmorgan@example.com,(315)765-4527x11116,"885 Robert Well, Parrishton, LA 79197",1960-07-05,2020-07-18T07:11:51.186667
4cb534f6-4fd5-4fe7-8f49-7f767d168fb5,Brittney Olson,bellangela@example.org,001-649-636-8998x09402,"PSC 5022, Box 9612, APO AP 83492",2005-05-06,2020-06-25T12:24:58.637512
64874e28-22f7-4067-a4a5-6ed0f7970c95,Jamie Chavez,mitchellgriffith@example.net,+1-910-822-9014x767,"6149 Rose Inlet, East Randallton, AL 27295",1959-10-05,2021-02-10T08:35:24.314256
c9b8c41e-6dfd-4056-8ad1-ade3e6d212a0,David Murphy,jimenezryan@example.org,(783)888-5160x6071,"1605 Laurie River Suite 516, East Ryanfurt, NC 10809",1966-03-05,2021-08-19T21:15:17.984730
8f79e585-e2a3-45ba-b201-4dc180ede93b,Gary Jackson,schmidtjames@example.com,(923)912-4329x212,"995 Hernandez Cliff Suite 744, West Williamport, NH 59734",1941-10-27,2021-12-10T08:28:13.966385
f7725a40-f28a-4819-b4e9-4160be864cc2,Matthew Madden,gilbertwilliam@example.com,001-480-279-3597,"182 John Mill Suite 889, West Nathan, LA 51280",1967-01-22,2021-10-12T22:16:43.113129
6aac6f35-9a43-426c-a233-59bcbdfd92b4,Rachel Holland,riveraangela@example.com,349-625-1925x4629,"81685 Michael Falls Apt. 573, East Eric, LA 13757",1973-10-14,2022-11-04T09:00:16.220684
1f10d705-cf58-45b0-993a-86c4cedd4b36,Kelsey Stanley,carlamoore@example.org,001-592-570-6537x947,"59774 Shaw Manor Apt. 392, Brettfort, VI 49156",1976-12-21,2020-07-16T08:31:39.841845
9990787f-0245-43b2-8d7a-9dc5834094fc,Sarah Mitchell,joshuawhitehead@example.org,(713)575-0606x85361,"522 Justin Village, Hortonberg, WV 92977",1971-03-01,2023-03-29T18:23:16.878625
ae864c5f-d9ce-431e-98d9-888d541a31b0,Alicia Lewis,anaacosta@example.net,(214)534-1036x97117,"0953 Lopez Skyway Apt. 851, South Morganton, SC 51210",2005-12-22,2021-05-02T22:55:59.545968
5ae7782d-5a62-48b1-9cfb-4d2975ddd219,Richard Cooper,ingramjill@example.com,(405)385-2772,"43030 Mahoney Passage Suite 874, Port Deborahport, MI 06766",1998-02-19,2021-09-30T12:49:57.959008
a26c1e71-fe8b-4962-8d47-cf737058cb48,Jacob Preston,ykline@example.com,(877)458-4161,"15447 Jackson Mills Suite 705, Hillton, CA 88474",1982-08-12,2021-11-29T21:55:57.379067
a026ae2a-9d83-4975-bf1f-1908316c4bb8,Meghan Cisneros,melindagregory@example.com,4219355690,"USNV Wallace, FPO AE 75726",1948-08-16,2021-12-06T21:56:07.466223
b144f1ed-f943-4bdc-903c-a3cc6a0dbbdf,Donald Horne,fitzgeraldvictor@example.com,+1-514-347-3947,"2715 Mckinney Plaza, Patriciaburgh, VT 93504",2002-04-27,2023-05-11T18:21:36.993378
6374b4cf-cd76-4e34-8c49-b4b4144406d0,Katie Martinez,laurayoung@example.com,3583957829,"669 David Island Apt. 778, Davidside, SC 77543",1951-08-21,2025-02-01T20:03:31.578110
c67930a9-e362-417a-a0d1-c9a9decd24dd,Thomas Brown,holmeskevin@example.org,335-484-1438x42498,"99590 Christopher Row, Debrashire, MT 81517",1982-09-18,2022-08-16T02:13:19.817679
6864532f-081a-4a42-8c70-d93e80e3aee0,Donna Frye,zsanchez@example.net,(447)710-2767x7359,"562 Robertson Coves Suite 371, Shannonberg, CT 07133",1958-12-30,2022-01-09T00:02:50.474704
6de32a2d-a1eb-466f-a39d-d8f29a66d331,Danielle Grimes,lisapeck@example.net,532-578-7747x01687,"47974 Melanie Meadows, West Jessica, WV 53356",1964-02-23,2022-02-09T14:41:47.572019
d1b25888-12c2-4766-af1d-f42b28116579,Chloe Tran,hughesshannon@example.net,599-812-1655x852,"25787 Catherine Passage, West Sarah, MD 21800",1965-12-25,2023-03-31T23:35:09.757928
ef5ba584-111f-40af-b336-7eed084bceb2,Linda Romero,terickson@example.com,9556169409,"Unit 9930 Box 9728, DPO AP 95027",1981-05-28,2024-06-06T04:21:24.127917
4f2ad9f0-1d41-42fc-a040-11f6c644b205,Michael Johnson,leescott@example.com,(563)768-9702,"Unit 7865 Box 2785, DPO AP 46938",1985-03-22,2024-07-27T03:15:50.314353
dc9d1feb-d3cc-453c-843c-2a4b8c80b4ac,Regina Baker,plee@example.com,+1-743-644-3757,"5240 Moses Common Suite 747, East Maria, KY 74165",1986-08-08,2020-09-21T01:50:18.808505
022eef42-b1a6-4663-ba72-9c66729b55c0,Laurie Sanchez,danawilliams@example.com,271-320-8267x73454,"026 Sarah Camp, Frenchburgh, WA 38442",1998-11-18,2020-01-18T19:51:41.540707
fdfd62c9-c99f-40e1-aeda-536e214ec926,Ashley Bird,shawn88@example.com,(687)443-1527,"9329 Wilcox Passage Suite 161, East Thomas, IA 01396",1956-12-30,2021-03-29T01:55:26.385682
b96ad14b-0376-4e52-b1d2-dd640e0fc3ec,Tiffany Turner,greenmichael@example.org,6177426841,"72795 Miles Mountains, Port John, WV 78595",1998-08-21,2020-06-06T11:55:11.942404
5c01937f-3ef5-4f98-9c9a-a026ae057fb4,Michael Miller,brownamy@example.net,598.922.5871,"72867 Angelica Spring Suite 064, Lake Jefferyland, AZ 56035",1962-09-10,2020-05-02T15:46:12.610497
7eaafba5-abab-463a-8b6e-710eac5fe2d8,Taylor Jones DVM,mitchellhector@example.org,001-865-467-6618x25128,"04786 Morrow Gateway, Reedview, ID 95531",1991-04-26,2020-03-02T23:27:38.919404
12cb879e-775f-43f9-a239-5b8d6b9cf9ab,Lisa Mayer,allencarlos@example.net,5792030673,"95995 Kevin Divide Apt. 644, New Stacyburgh, SC 89466",1968-04-24,2022-08-11T10:37:03.505480
d348f541-65b6-4f19-a99a-8cfcf0a1ca8b,Teresa Powers,heather62@example.com,(428)873-3427x0866,"1751 Brett Lane, Port Charlesshire, VA 88509",1977-04-07,2022-07-11T05:26:33.900113
36586ca3-c307-4feb-a09a-b8d66bfa2674,Felicia Krueger,lewisjames@example.net,673-893-6385,"4587 Garcia Stravenue Suite 535, Robertshire, VI 29503",1989-09-01,2020-02-01T04:51:59.315161
b2c3dc6c-183d-4912-9f64-fe46322e92f9,Lauren Cortez,elijah53@example.com,001-437-785-4777,"80801 Kathy Loop Apt. 312, East Williamstad, AR 81481",1982-08-18,2024-12-01T13:58:08.486894
b043379c-8d86-4f2e-949a-c1a1106bcadd,Mary Smith,hsmith@example.net,584-608-6211x823,"1567 Veronica Fork Suite 101, Grayside, NJ 07856",1982-07-24,2023-09-14T02:05:07.063314
aeb99dcb-186f-4417-875e-af6f5263befd,Ryan Newman,ariel18@example.org,239.474.0148,"USNV Smith, FPO AE 77444",1949-01-25,2024-04-27T18:58:12.349709
6bd1732d-4c16-4606-833d-0c9307a46689,Tanya Evans,ashleyatkinson@example.net,+1-856-521-8501,"996 Johnson Groves Suite 735, Reynoldsshire, TN 50317",1945-02-02,2023-04-05T01:15:12.103471
cc857909-b482-4552-9820-4b9de7362b13,Michelle Miller,normanbowers@example.org,001-365-451-1047x5412,"01581 Shields Bridge Suite 661, New Adriana, TX 50404",1950-10-15,2021-06-01T07:52:59.590534
c1a7d62a-8721-432f-8b31-2988e4d49f60,Charles Jackson,robert71@example.com,737-899-3712x406,"5692 Flores Square Apt. 752, Novakport, WA 91590",1982-04-20,2025-02-04T17:14:33.418450
34137392-096f-4a9e-a241-e695dcf5d765,Erika Ramirez,kdiaz@example.org,001-382-880-7374,"434 Jennifer Turnpike, Jonesfort, OR 53035",1975-08-08,2024-11-11T13:26:14.135906
6ea1c70b-1612-4730-b64d-4264a92468f0,Jennifer Johnson,jacqueline89@example.net,713-852-9096,"3888 Sean Lock, Bartonshire, UT 66098",1949-07-07,2025-04-03T07:32:38.635777
fa1b6839-a5fe-4854-bb19-a5d026beeab0,Mr. Thomas Miller,michaelcooper@example.org,375.471.7751x40105,"USNS Black, FPO AP 21490",1961-10-08,2022-03-31T05:18:26.809696
9b9c2f37-e8a4-4688-8ea6-687dd3a49cf7,Robert Soto,daniellereynolds@example.org,001-393-479-6603x3419,"1478 Harper Ridge, Matthewsstad, MI 60513",1981-03-30,2024-04-14T09:58:35.346280
ce289816-7fc4-4bfd-adfe-4ce09eaa673d,Elizabeth Mendez,powerslawrence@example.org,412-952-8669x2966,"274 Jacob Ville, Harveystad, AL 64019",1948-07-19,2024-04-17T06:12:02.473483
43bd3f42-3601-4fdd-b09b-7c56f2e02352,Kathy Simpson,cperry@example.com,(619)403-4043,"819 Joseph Plains Suite 807, South Curtis, MP 86179",1990-05-10,2021-07-26T17:06:17.751724
e506f6c6-a31d-4dcb-915c-72916f87528b,Mrs. Hannah Montoya MD,rowejoel@example.net,001-259-762-9233,"4494 Derek Terrace, Sellersview, VI 86470",1947-11-22,2024-07-24T02:31:07.501969
004e1dca-bc89-48a2-919c-b384f32bbc70,Michael Poole,kburns@example.net,766-271-1684x577,"751 Robinson Meadow, South Joseph, MP 37672",1962-03-25,2023-01-16T18:58:11.328620
19ca9fb2-c8bf-4cdd-905e-cdc5708532b8,Karina Cooper,williamsconnie@example.com,6124770632,"54152 Randy Inlet Apt. 611, East Thomasberg, OR 30148",1974-08-02,2022-05-06T04:33:48.178838
3c39a599-2eca-41d5-bcf2-a00e6be734b0,Greg Martinez,ebenson@example.org,861.411.5542,"89092 Bell Forest, South Christina, NV 28975",1945-02-27,2020-07-12T06:26:05.619325
60353178-a2fb-442d-854f-ffd3ad49afdc,Leah Cruz,iedwards@example.org,513-889-9940x438,"76137 Allison Bridge, Sarahberg, MS 74999",1967-11-18,2022-11-17T01:03:09.869399
2c02ad19-c737-46a1-8789-2d3828603228,John Archer,smithcarlos@example.com,800.368.4866,"1418 Terri Drives, Peterland, ME 92077",1969-01-04,2025-01-08T03:23:46.532485
5048eb17-6e0d-4d2e-b9bd-64d829767c17,David Middleton,chavezchelsea@example.com,+1-421-602-0275x88425,"56481 Joseph Ports, South Spencerstad, AR 65985",1997-09-12,2020-11-17T00:50:54.733281
2da864e3-0b24-4d3f-9bb4-ee02a68a3695,Raymond Shannon,perezwilliam@example.org,8305756220,"541 Wilson Spring Apt. 238, South Caseymouth, VI 37503",1991-11-12,2021-08-20T16:47:40.336107
f3d72581-1eb9-46cb-99e4-b535a180bd21,Jesus Wood,anne49@example.org,759.273.8320x603,"USS Blake, FPO AA 97242",1988-09-17,2020-07-18T23:17:07.836344
e576f558-b39e-4817-b974-6ad81b3d1895,Cynthia Vasquez,kaufmandouglas@example.com,303-486-5719,"99062 Kelly Vista Suite 655, Nelsonland, ID 18341",1992-04-19,2023-01-29T19:44:27.608745
a0073a23-a7de-475e-8eb1-6d156dd17e10,Christopher Owens,wmartinez@example.org,447.341.1249x035,"8044 Anthony Lodge Suite 883, South Curtisberg, DE 02068",1943-06-16,2024-02-11T08:37:01.281205
888c278c-b3d0-4eb3-abaf-7250c59b9b8e,Craig Morales,aguilarjonathan@example.org,9132721510,"670 Vega Extensions Suite 324, Seanberg, AZ 80993",1981-05-14,2021-04-17T19:47:13.171372
33b4bd1e-12f2-4d9e-bdf7-5d22915fa920,Jason Pierce,millerpatrick@example.com,983.780.6578,"PSC 8564, Box 2059, APO AE 04341",2000-03-05,2024-02-06T16:48:27.077192
4956e59b-b757-43a7-97a6-10e4861d6ce2,William Moreno,terrigarcia@example.net,448.503.9652,"059 Anna Field Suite 842, Johnsonton, IN 79362",1954-02-21,2022-10-09T17:55:18.141247
546108ec-14bd-43ec-8b12-b41e532ca1dc,Thomas Harris,matthewthompson@example.com,7028921851,"5226 Banks Extensions Suite 392, Parkerport, DC 23793",1988-10-27,2024-12-30T05:10:30.587602
e036bf76-2fb4-4a5c-90c9-a0b3a2a3e21d,Jenna Gamble,whitelucas@example.net,791.472.5135,"570 Clark Square, West Jonathanville, VA 00668",1942-07-15,2022-04-23T00:27:08.239640
2a7763b6-916b-4814-a840-14c7fdf388a3,Christopher Gutierrez,ybell@example.org,793.427.1040x5411,"181 Wheeler Ridges, Bushchester, SD 22127",1980-07-23,2022-04-15T06:51:42.151342
8b126a5e-6d2f-4e77-bc1a-e5f85d342edc,Gary Mccann,uterry@example.net,+1-944-443-1069,"1497 Collin Ford, Lake Kelly, CO 62572",1996-08-21,2021-08-16T04:33:20.562074
795d9e5f-6631-451c-8f52-24cd63171b3d,John Guerrero,maypaul@example.com,(452)370-4774x3490,"693 Mary Viaduct Suite 879, South Kent, MO 94126",1941-08-16,2023-01-03T21:00:02.461247
87948235-717c-4504-9511-f60c64e4fa56,Laura Mcgrath,davidtodd@example.org,(433)620-6163,"68685 Stone Well, Port Isabellashire, NC 55498",1946-11-30,2020-10-14T20:55:38.228245
a3d27c31-d5b5-49b5-b5a2-c26ffa2d2e3b,Lauren Hanna,buckleyanna@example.org,885-464-6799x7024,"65307 Prince Brooks Suite 444, Garrisonville, VI 30379",1948-05-26,2025-02-17T03:19:45.352777
58f0a76e-89d0-4bd9-981d-fe00609a645f,Roger Adams,fjacobs@example.org,836.478.5082x148,"33030 Williams Lake, West Micheal, NH 66708",1966-04-03,2024-11-10T17:56:42.412677
152626a8-bb36-4202-a687-06b4e3ec9800,Dana Burns,ethompson@example.net,+1-255-424-1406,"33468 Michelle Trafficway, South Rhondaburgh, PA 01610",1954-06-24,2023-03-16T06:59:55.699142
bd19f37b-fcc5-48bc-ba8e-9e920b45f509,Michelle Fletcher,rodney65@example.com,637-648-9691x085,"54544 Lopez Path Apt. 096, Erintown, SD 65692",2007-02-03,2021-05-14T01:36:33.848961
a867eec7-edf1-4233-8964-aaa7485a87a3,James Johnson,matthewreeves@example.net,+1-375-984-2824,"825 Jeffrey Fork Suite 655, Brendamouth, PR 15938",1971-04-05,2024-07-24T17:02:33.148685
d6640211-0c64-410c-bc53-83edf0e8d19c,Terry Jones,vincentdillon@example.com,346.902.2356x97252,"0074 Kathleen Extension, South Kristen, WI 12040",1948-01-24,2022-04-14T08:17:10.058649
